Metric,Without_CMBA,With_CMBA
CHR,0.82066350704654,0.9305832343631057
HRR,0.6939585521558312,0.7869074089857011
Latency,0.0008210686971813335,0.0007110946986698804
